-- phpMyAdmin SQL Dump
-- version 3.3.8.1
-- http://www.phpmyadmin.net
--
-- 主机: w.rdc.sae.sina.com.cn:3307
-- 生成日期: 2014 年 09 月 29 日 15:26
-- 服务器版本: 5.5.23
-- PHP 版本: 5.3.3

SET SQL_MODE="NO_AUTO_VALUE_ON_ZERO";


/*!40101 SET @OLD_CHARACTER_SET_CLIENT=@@CHARACTER_SET_CLIENT */;
/*!40101 SET @OLD_CHARACTER_SET_RESULTS=@@CHARACTER_SET_RESULTS */;
/*!40101 SET @OLD_COLLATION_CONNECTION=@@COLLATION_CONNECTION */;
/*!40101 SET NAMES utf8 */;

--
-- 数据库: `app_club4fun`
--

-- --------------------------------------------------------

--
-- 表的结构 `depot`
--

CREATE TABLE IF NOT EXISTS `depot` (
  `id` int(11) NOT NULL,
  `balance` double(10,2) NOT NULL,
  `updatetime` datetime DEFAULT NULL,
  PRIMARY KEY (`id`)
) ENGINE=MyISAM DEFAULT CHARSET=utf8;

--
-- 转存表中的数据 `depot`
--

INSERT INTO `depot` (`id`, `balance`, `updatetime`) VALUES
(0, 60.35, '2012-03-20 12:41:48');

-- --------------------------------------------------------

--
-- 表的结构 `income`
--

CREATE TABLE IF NOT EXISTS `income` (
  `id` int(8) unsigned NOT NULL AUTO_INCREMENT,
  `amount` double(10,2) NOT NULL,
  `member_id` int(4) NOT NULL,
  `time` datetime DEFAULT NULL,
  PRIMARY KEY (`id`)
) ENGINE=MyISAM  DEFAULT CHARSET=utf8 AUTO_INCREMENT=128 ;

--
-- 转存表中的数据 `income`
--

INSERT INTO `income` (`id`, `amount`, `member_id`, `time`) VALUES
(14, 42.00, 6, '2011-02-24 12:45:55'),
(13, 63.59, 4, '2011-02-24 12:45:48'),
(12, 63.00, 3, '2011-02-24 12:45:32'),
(11, 28.41, 2, '2011-02-24 12:45:20'),
(10, 74.00, 1, '2011-02-24 12:45:04'),
(15, 50.00, 1, '2011-03-04 12:07:46'),
(16, 50.00, 4, '2011-03-07 12:08:14'),
(17, 50.00, 2, '2011-03-11 12:11:05'),
(18, 50.00, 3, '2011-03-11 12:11:16'),
(19, 50.00, 6, '2011-03-11 12:11:25'),
(20, 100.00, 1, '2011-03-16 12:34:13'),
(21, 100.00, 4, '2011-03-16 12:34:25'),
(22, 100.00, 2, '2011-03-22 12:04:12'),
(23, 100.00, 3, '2011-03-31 12:07:52'),
(24, 50.00, 1, '2011-04-06 12:13:00'),
(25, 50.00, 4, '2011-04-06 12:13:10'),
(26, 50.00, 2, '2011-04-08 12:12:46'),
(27, 12.50, 1, '2011-04-08 12:16:19'),
(28, 12.50, 2, '2011-04-08 12:16:27'),
(29, 12.50, 3, '2011-04-08 12:18:12'),
(30, 12.50, 4, '2011-04-08 12:18:20'),
(31, 50.00, 1, '2011-04-15 12:03:04'),
(32, 50.00, 2, '2011-04-19 12:44:48'),
(33, 50.00, 4, '2011-04-19 12:44:59'),
(34, 50.00, 1, '2011-04-25 12:24:03'),
(35, 50.00, 6, '2011-04-26 12:08:02'),
(36, 50.00, 2, '2011-04-29 12:07:04'),
(37, 50.00, 1, '2011-05-06 12:11:16'),
(38, 50.00, 3, '2011-05-06 12:11:24'),
(39, 50.00, 6, '2011-05-09 12:05:36'),
(40, 50.00, 2, '2011-05-12 12:10:07'),
(41, 50.00, 1, '2011-05-16 12:38:45'),
(42, 50.00, 3, '2011-05-16 12:39:00'),
(43, 50.00, 1, '2011-05-24 12:06:23'),
(44, 50.00, 2, '2011-05-24 12:06:29'),
(45, 50.00, 3, '2011-05-30 12:08:12'),
(46, 50.00, 1, '2011-06-02 12:02:57'),
(47, 50.00, 2, '2011-06-02 12:03:03'),
(48, 50.00, 6, '2011-06-02 12:03:13'),
(49, 50.00, 3, '2011-06-08 12:06:16'),
(50, 50.00, 1, '2011-06-14 13:42:58'),
(51, 50.00, 6, '2011-06-15 12:06:36'),
(52, 50.00, 3, '2011-06-16 12:33:48'),
(53, 50.00, 1, '2011-06-24 10:06:46'),
(54, 100.00, 2, '2011-06-27 12:10:26'),
(55, 50.00, 3, '2011-06-28 12:04:51'),
(56, 50.00, 1, '2011-06-30 12:09:11'),
(57, 50.00, 3, '2011-07-05 12:04:54'),
(58, 50.00, 6, '2011-07-05 12:05:01'),
(59, 50.00, 1, '2011-07-12 12:07:04'),
(60, 50.00, 2, '2011-07-15 12:05:49'),
(61, 50.00, 1, '2011-07-20 12:04:15'),
(62, 50.00, 6, '2011-07-22 12:48:33'),
(63, 50.00, 1, '2011-07-28 12:08:10'),
(64, 50.00, 4, '2011-08-03 12:08:17'),
(65, 50.00, 7, '2011-08-03 12:08:26'),
(66, 50.00, 4, '2011-08-04 12:07:29'),
(67, 50.00, 3, '2011-08-08 12:12:01'),
(68, 100.00, 6, '2011-08-09 12:22:01'),
(69, 100.00, 7, '2011-08-12 12:05:14'),
(70, 100.00, 6, '2011-08-24 12:13:29'),
(71, 6.25, 2, '2011-08-25 12:23:34'),
(72, 50.00, 3, '2011-08-29 12:12:24'),
(73, 50.00, 4, '2011-09-05 12:29:04'),
(74, 50.00, 3, '2011-09-14 12:24:19'),
(75, 50.00, 6, '2011-09-14 12:24:26'),
(76, 50.00, 2, '2011-09-15 12:34:42'),
(77, 35.00, 2, '2011-09-26 12:28:03'),
(78, 50.00, 3, '2011-09-28 12:21:10'),
(79, 50.00, 6, '2011-09-28 12:21:16'),
(80, 50.00, 2, '2011-09-29 12:38:59'),
(81, 50.00, 2, '2011-10-10 17:33:21'),
(82, 50.00, 6, '2011-10-12 12:23:27'),
(83, 50.00, 3, '2011-10-31 12:29:43'),
(84, 50.00, 2, '2011-11-08 12:30:48'),
(85, 50.00, 6, '2011-11-11 12:56:48'),
(86, 50.00, 2, '2011-11-21 12:26:46'),
(87, 50.00, 7, '2011-11-21 12:26:52'),
(88, 50.00, 4, '2011-11-24 09:47:57'),
(89, 50.00, 3, '2011-11-28 12:30:33'),
(90, 50.00, 6, '2011-12-01 12:28:51'),
(91, 100.00, 7, '2011-12-07 12:25:44'),
(92, 50.00, 2, '2011-12-09 12:25:06'),
(93, 50.00, 4, '2011-12-15 12:30:36'),
(94, 50.00, 3, '2011-12-19 12:29:36'),
(95, 100.00, 7, '2011-12-26 12:38:40'),
(96, 50.00, 3, '2011-12-27 12:26:03'),
(97, 50.00, 2, '2011-12-27 12:26:09'),
(98, 50.00, 3, '2012-01-04 12:49:30'),
(99, 100.00, 4, '2012-01-05 12:26:03'),
(100, 50.00, 2, '2012-01-09 12:38:22'),
(101, 50.00, 7, '2012-01-09 12:38:32'),
(102, 50.00, 3, '2012-01-13 12:39:44'),
(103, 50.00, 2, '2012-01-16 13:11:37'),
(104, 50.00, 7, '2012-01-16 13:11:44'),
(105, 50.00, 3, '2012-01-18 12:24:13'),
(106, 50.00, 2, '2012-01-31 12:46:29'),
(107, 50.00, 3, '2012-02-01 12:30:02'),
(108, 50.00, 8, '2012-02-02 12:38:52'),
(109, 50.00, 7, '2012-02-02 12:43:21'),
(110, 50.00, 6, '2012-02-02 12:43:27'),
(111, 50.00, 3, '2012-02-08 12:26:39'),
(112, 100.00, 7, '2012-02-09 13:41:32'),
(113, 50.00, 2, '2012-02-09 13:41:39'),
(114, 100.00, 8, '2012-02-14 13:40:51'),
(115, 50.00, 4, '2012-02-15 12:28:02'),
(116, 50.00, 3, '2012-02-23 12:40:45'),
(117, 2.00, 8, '2012-02-28 12:29:44'),
(118, 50.00, 2, '2012-02-29 12:34:04'),
(119, 50.00, 3, '2012-02-29 12:34:15'),
(120, 50.00, 4, '2012-02-29 12:34:22'),
(121, 50.00, 8, '2012-02-29 12:34:36'),
(122, 8.00, 8, '2012-03-07 12:50:04'),
(123, 50.00, 3, '2012-03-08 12:29:56'),
(124, 50.00, 2, '2012-03-12 12:55:17'),
(125, 50.00, 8, '2012-03-13 14:24:02'),
(126, 50.00, 3, '2012-03-19 15:16:33'),
(127, 10.00, 2, '2012-03-20 12:33:45');

-- --------------------------------------------------------

--
-- 表的结构 `member`
--

CREATE TABLE IF NOT EXISTS `member` (
  `id` int(4) unsigned NOT NULL AUTO_INCREMENT,
  `name` varchar(30) DEFAULT NULL,
  `jointime` datetime DEFAULT NULL,
  `quittime` datetime DEFAULT NULL,
  `status` int(11) DEFAULT NULL,
  `balance` double(10,2) NOT NULL DEFAULT '0.00',
  `updatetime` datetime DEFAULT NULL,
  PRIMARY KEY (`id`)
) ENGINE=MyISAM  DEFAULT CHARSET=utf8 AUTO_INCREMENT=9 ;

--
-- 转存表中的数据 `member`
--

INSERT INTO `member` (`id`, `name`, `jointime`, `quittime`, `status`, `balance`, `updatetime`) VALUES
(1, 'wangx', '2011-02-22 14:06:28', NULL, 1, 0.00, '2012-03-20 12:41:48'),
(2, 'shih', '2011-02-22 14:06:28', NULL, 1, -1.34, '2012-03-20 12:33:45'),
(3, 'dongj', '2011-02-22 14:06:28', NULL, 1, 66.25, '2012-03-20 12:34:17'),
(4, 'huxm', '2011-02-22 14:06:28', NULL, 1, 14.84, '2012-03-08 12:30:14'),
(6, 'dingxd', '2011-02-23 12:41:52', NULL, 1, -8.50, '2012-02-28 12:28:04'),
(7, '率帅', '2011-08-03 12:07:55', NULL, 1, 1.10, '2012-03-02 13:36:51'),
(8, '颜俊', '2012-02-01 12:29:47', NULL, 1, 4.00, '2012-03-19 11:20:23');

-- --------------------------------------------------------

--
-- 表的结构 `outcome`
--

CREATE TABLE IF NOT EXISTS `outcome` (
  `id` int(8) unsigned NOT NULL AUTO_INCREMENT,
  `amount` double(10,2) NOT NULL,
  `reason` varchar(255) DEFAULT NULL,
  `time` datetime DEFAULT NULL,
  `personnum` int(4) DEFAULT '1',
  PRIMARY KEY (`id`)
) ENGINE=MyISAM  DEFAULT CHARSET=utf8 AUTO_INCREMENT=369 ;

--
-- 转存表中的数据 `outcome`
--

INSERT INTO `outcome` (`id`, `amount`, `reason`, `time`, `personnum`) VALUES
(13, 24.00, '2月28号 午饭 食堂', '2011-02-28 12:05:25', 3),
(12, 32.00, '2月25号 午饭 食堂', '2011-02-25 12:15:49', 4),
(11, 16.00, '2月24号 晚饭 食堂', '2011-02-24 17:59:03', 1),
(10, 32.00, '2月24号 午饭 食堂', '2011-02-24 12:46:12', 4),
(14, 24.00, '3月1号 午餐 食堂', '2011-03-01 12:09:30', 3),
(15, 16.00, '3月1号 午餐 食堂（带新员工）', '2011-03-01 12:09:55', 1),
(16, 16.00, '3月2号 午餐 食堂', '2011-03-02 12:43:12', 2),
(17, 16.00, '3月3号 午餐 食堂', '2011-03-03 12:03:51', 2),
(18, 16.00, '3月5号 午餐 食堂', '2011-03-04 12:08:05', 2),
(19, 24.00, '3月7号 午餐 食堂', '2011-03-07 12:08:41', 3),
(20, 16.00, '3月8号 午餐 食堂', '2011-03-09 12:11:02', 2),
(21, 24.00, '3月9号 午餐 食堂', '2011-03-09 12:11:30', 3),
(22, 24.00, '3月10号 午餐 食堂', '2011-03-11 11:39:05', 3),
(23, 40.00, '3月11号 午餐 食堂', '2011-03-11 12:11:53', 5),
(24, 32.00, '3月14号 午餐 食堂', '2011-03-14 12:04:17', 4),
(25, 8.00, '3月14号 晚餐 食堂', '2011-03-14 18:27:59', 1),
(26, 24.00, '3月15号 午餐 食堂', '2011-03-15 12:06:53', 3),
(27, 8.00, '3月15号 晚餐 食堂（冯杰留）', '2011-03-16 10:15:52', 1),
(28, 24.00, '3月16号 午餐 食堂', '2011-03-16 12:34:57', 3),
(29, 32.00, '3月17号 午餐 食堂', '2011-03-17 12:07:11', 4),
(30, 32.00, '3月18号 午餐 食堂', '2011-03-18 12:44:37', 4),
(31, 24.00, '3月21号 午餐 食堂', '2011-03-21 12:44:05', 3),
(32, 24.00, '3月22号 午餐 食堂', '2011-03-22 12:04:32', 3),
(33, 8.00, '3月23号 午餐 食堂', '2011-03-23 12:36:10', 1),
(34, 83.00, '3月23号 午餐 佳佳餐厅', '2011-03-23 12:36:58', 4),
(35, 8.00, '3月23号 晚餐 食堂', '2011-03-23 17:36:10', 1),
(36, 16.00, '3月24号 午餐 食堂', '2011-03-24 12:10:12', 2),
(37, 32.00, '3月25号 午餐 食堂', '2011-03-25 12:07:54', 4),
(38, 32.00, '3月28号 午餐 食堂', '2011-03-30 12:05:26', 4),
(39, 24.00, '3月30号 午餐 食堂', '2011-03-30 12:05:46', 3),
(40, 40.00, '3月31号 午餐 食堂', '2011-03-31 12:08:24', 5),
(41, 8.00, '3月31号 晚餐 食堂', '2011-03-31 17:51:13', 1),
(42, 32.00, '4月1号 午餐 食堂', '2011-04-01 12:08:34', 4),
(43, 32.00, '4月2号 午餐 食堂', '2011-04-02 12:13:21', 4),
(44, 32.00, '4月6号 午餐 食堂', '2011-04-06 12:13:35', 4),
(45, 24.00, '4月7号 午餐 食堂', '2011-04-07 12:07:44', 3),
(46, 50.00, '4月8号 午餐 食堂', '2011-04-08 12:14:33', 4),
(47, 32.00, '4月8号 午餐 食堂', '2011-04-08 12:19:24', 4),
(48, 16.00, '4月11号 午餐 食堂', '2011-04-11 12:07:05', 2),
(49, 24.00, '4月12号 午餐 食堂', '2011-04-12 12:05:26', 3),
(50, 32.00, '4月13号 午餐 食堂', '2011-04-13 12:10:39', 4),
(51, 24.00, '4月14号 午餐 食堂', '2011-04-14 12:06:29', 3),
(52, 24.00, '4月15号 午餐 食堂', '2011-04-15 12:03:21', 3),
(53, 24.00, '4月18号 午餐 食堂', '2011-04-18 15:43:15', 3),
(54, 24.00, '4月19号 午餐 食堂', '2011-04-19 12:45:34', 3),
(55, 24.00, '4月20号 午餐 食堂', '2011-04-20 12:06:37', 3),
(56, 24.00, '4月21号 午餐 食堂', '2011-04-21 12:06:04', 3),
(57, 16.00, '4月22号 午餐 食堂', '2011-04-25 11:40:44', 2),
(58, 16.00, '4月25号 午餐 食堂', '2011-04-25 12:23:53', 2),
(59, 40.00, '4月26号 午餐 食堂', '2011-04-26 12:08:25', 5),
(60, 16.00, '4月28号 午餐 食堂', '2011-04-28 16:09:13', 2),
(61, 24.00, '4月29号 午餐 食堂', '2011-04-29 12:07:21', 3),
(62, 32.00, '5月3号 午餐 食堂', '2011-05-03 12:08:55', 4),
(63, 8.00, '5月3号 午餐 食堂 胡先淼，扣在王宣头上', '2011-05-03 12:29:14', 1),
(64, 24.00, '5月4号 午餐 食堂', '2011-05-04 12:17:35', 3),
(65, 24.00, '5月5号 午餐 食堂', '2011-05-05 12:11:44', 3),
(66, 16.00, '5月6号 午餐 食堂', '2011-05-06 12:11:47', 2),
(67, 8.00, '5月6号 晚饭 食堂', '2011-05-06 17:40:23', 1),
(68, 32.00, '5月9号 午餐 食堂', '2011-05-09 12:06:05', 4),
(69, 8.00, '5月9号 午餐 食堂 带别人刷 扣史辉的', '2011-05-09 12:06:36', 1),
(70, 24.00, '5月10号 午餐 食堂', '2011-05-10 12:09:08', 3),
(71, 16.00, '5月11号 午餐 食堂', '2011-05-12 11:37:14', 2),
(72, 32.00, '5月12号 午餐 食堂', '2011-05-12 12:10:32', 4),
(73, 24.00, '5月13号 午餐 食堂', '2011-05-13 12:13:29', 3),
(74, 32.00, '5月16号 午餐 食堂', '2011-05-16 12:39:38', 4),
(75, 16.00, '5月17号 午餐 食堂', '2011-05-17 17:17:45', 2),
(76, 24.00, '5月18号 午餐 食堂', '2011-05-18 17:19:49', 3),
(77, 24.00, '5月19号 午餐 食堂', '2011-05-19 12:25:02', 3),
(78, 24.00, '5月20号 午餐 食堂', '2011-05-20 12:07:58', 3),
(79, 8.00, '5月20号 晚餐 食堂', '2011-05-20 17:41:17', 1),
(80, 8.00, '5月23号 午餐 食堂', '2011-05-23 12:03:05', 1),
(81, 24.00, '5月24号 午餐 食堂', '2011-05-24 12:06:47', 3),
(82, 24.00, '5月25号 午餐 食堂', '2011-05-25 12:10:34', 3),
(83, 24.00, '5月26号 午餐 食堂', '2011-05-26 12:09:41', 3),
(84, 24.00, '5月30号 午餐 食堂', '2011-05-30 12:08:34', 3),
(85, 24.00, '5月31号 午餐 食堂', '2011-05-31 12:05:06', 3),
(86, 32.00, '6月1号 午餐 食堂', '2011-06-01 12:31:58', 4),
(87, 32.00, '6月2号 午餐 食堂', '2011-06-02 12:03:38', 4),
(88, 32.00, '6月3号 午餐 食堂', '2011-06-03 13:34:14', 4),
(89, 24.00, '6月7号 午餐 食堂', '2011-06-07 12:54:01', 3),
(90, 32.00, '6月8号 午饭 食堂', '2011-06-08 12:06:41', 4),
(91, 24.00, '6月9号 午餐 食堂', '2011-06-09 12:08:34', 3),
(92, 32.00, '6月10号 午饭 食堂', '2011-06-10 17:33:43', 4),
(93, 8.00, '食堂 丁晓冬加班', '2011-06-13 11:46:51', 1),
(94, 8.00, '食堂 加班', '2011-06-13 12:06:12', 1),
(95, 32.00, '6月13号 午餐 食堂', '2011-06-13 12:06:32', 4),
(96, 16.00, '6月14号 午餐 食堂', '2011-06-14 13:43:24', 2),
(97, 24.00, '6月15号 午餐 食堂', '2011-06-15 12:06:55', 3),
(98, 16.00, '6月16号 午餐 食堂', '2011-06-16 12:34:23', 2),
(99, 24.00, '6月17号 午饭 食堂', '2011-06-17 12:20:25', 3),
(100, 16.00, '6月20号 午餐 食堂', '2011-06-20 12:13:37', 2),
(101, 24.00, '6月21号 午餐 食堂', '2011-06-21 12:13:03', 3),
(102, 24.00, '6月22号 午餐 食堂', '2011-06-24 10:07:38', 3),
(103, 16.00, '6月23号 午餐 食堂', '2011-06-24 10:08:09', 2),
(104, 24.00, '6月24号 午餐 食堂', '2011-06-24 12:08:22', 3),
(105, 24.00, '6月27号 午饭 食堂', '2011-06-27 12:10:47', 3),
(106, 8.00, '6月27号 午餐 食堂', '2011-06-27 17:49:15', 1),
(107, 24.00, '6月28号 午饭 食堂', '2011-06-28 12:05:18', 3),
(108, 32.00, '6月29号 午餐 食堂', '2011-06-29 12:05:59', 4),
(109, 32.00, '6月30号 午餐 食堂', '2011-06-30 12:09:38', 4),
(110, 24.00, '7月1号 午饭 食堂', '2011-07-01 12:11:50', 3),
(111, 8.00, '7月1号 午饭 食堂', '2011-07-01 12:12:15', 1),
(112, 8.00, '7月1号 午饭 食堂', '2011-07-02 10:09:50', 1),
(113, 16.00, '7月4号 午餐 食堂', '2011-07-04 12:06:07', 2),
(114, 8.00, '7月4号 午餐 食堂', '2011-07-04 12:06:23', 1),
(115, 24.00, '7月5号 午餐 食堂', '2011-07-05 12:05:18', 3),
(116, 16.00, '7月6号 午餐 食堂 带颜俊', '2011-07-07 12:50:24', 1),
(117, 8.00, '7月7号 午餐 食堂', '2011-07-07 12:50:49', 1),
(118, 8.00, '7月7号 午餐 食堂', '2011-07-07 12:52:50', 1),
(119, 8.00, '7月8号 午餐 食堂', '2011-07-08 12:35:01', 1),
(120, 8.00, '7月11号 午餐 食堂', '2011-07-11 12:39:40', 1),
(121, 24.00, '7月12号 午饭 食堂', '2011-07-12 12:07:24', 3),
(122, 16.00, '7月13号 午饭 食堂', '2011-07-13 12:06:16', 2),
(123, 16.00, '7月14号 午饭 食堂', '2011-07-14 12:03:57', 2),
(124, 8.00, '7月15号 午饭 食堂', '2011-07-15 12:06:06', 1),
(125, 24.00, '7月18号 午饭 食堂', '2011-07-19 11:37:27', 3),
(126, 8.00, '7月18号 午饭 食堂 （带颜俊）', '2011-07-19 11:38:12', 1),
(127, 16.00, '7月19号 午饭 食堂', '2011-07-19 11:59:16', 2),
(128, 8.00, '7月20号 午饭 食堂', '2011-07-20 12:04:44', 1),
(129, 24.00, '7月21号 午饭 食堂', '2011-07-21 12:07:49', 3),
(130, 8.00, '7月21号 晚饭 食堂', '2011-07-21 17:56:27', 1),
(131, 16.00, '7月22号 午餐 食堂', '2011-07-22 12:48:53', 2),
(132, 16.00, '7月25号 午餐 食堂', '2011-07-25 12:06:57', 2),
(133, 8.00, '7月26号 午餐 食堂', '2011-07-27 12:03:28', 1),
(134, 24.00, '7月27号 午餐 食堂', '2011-07-27 12:03:44', 3),
(135, 8.00, '7月27号 午饭 食堂 带颜俊刷', '2011-07-27 13:50:56', 1),
(136, 16.00, '7月28号 午饭 食堂', '2011-07-28 12:08:29', 2),
(137, 8.00, '7月28号 午餐 食堂 带颜俊', '2011-07-29 11:37:32', 1),
(138, 24.00, '7月29号 午餐 食堂', '2011-07-29 12:08:13', 3),
(139, 8.00, '8月1号 午餐 食堂', '2011-08-02 09:45:29', 1),
(140, 24.00, '胡先淼扣三次', '2011-08-03 12:09:10', 1),
(141, 8.00, '率帅扣一次', '2011-08-03 12:09:35', 1),
(142, 8.00, '晓东扣一次', '2011-08-03 12:09:58', 1),
(143, 8.00, '8月4日午餐', '2011-08-04 12:08:03', 1),
(144, 8.00, '8月4日午餐', '2011-08-04 12:08:20', 1),
(145, 16.00, '（杨颖、朱雅君） 扣胡先淼的', '2011-08-04 12:11:53', 1),
(146, 8.00, '8月5号午餐（食堂）', '2011-08-05 14:16:40', 1),
(147, 8.00, '8月5号午餐（食堂）', '2011-08-05 14:17:09', 1),
(148, 8.00, '8月5号午餐（食堂）', '2011-08-05 14:17:24', 1),
(149, 8.00, '8月8号午餐', '2011-08-08 12:12:45', 1),
(150, 8.00, '', '2011-08-09 12:22:15', 1),
(151, 8.00, '', '2011-08-09 12:22:23', 1),
(152, 16.00, '8月10日午餐', '2011-08-10 12:07:10', 2),
(153, 16.00, '8月11号午餐', '2011-08-11 12:07:55', 2),
(154, 24.00, '8月12号午餐', '2011-08-12 12:05:39', 3),
(155, 24.00, '8月16号午餐', '2011-08-16 12:05:55', 3),
(156, 8.00, '8月15号午餐', '2011-08-16 12:06:09', 1),
(157, 2.50, '8月16号，酸梅汤', '2011-08-16 12:06:36', 1),
(158, 16.00, '8月17日午餐', '2011-08-17 12:53:58', 2),
(159, 32.00, '8月18号午餐', '2011-08-18 12:16:47', 4),
(160, 12.50, '8月19号，午餐和饮料', '2011-08-19 12:24:44', 1),
(161, 8.00, '8月19号午餐', '2011-08-19 12:25:46', 1),
(162, 16.00, '8月20号午餐', '2011-08-20 12:21:02', 1),
(163, 16.00, '8月22号午餐', '2011-08-23 11:48:51', 2),
(164, 8.00, '8月23号午餐', '2011-08-23 12:09:41', 1),
(165, 11.30, '8月24号午餐', '2011-08-24 12:14:07', 1),
(166, 8.00, '8月24号午餐', '2011-08-24 12:15:57', 1),
(167, 12.50, '8月25号', '2011-08-25 12:22:05', 2),
(168, 6.25, '8月25号午餐', '2011-08-25 12:25:14', 1),
(169, 16.00, '8月26号午餐', '2011-08-26 13:02:46', 2),
(170, 8.00, '8月29号午餐', '2011-08-29 12:13:09', 1),
(171, 8.00, '8月29号午餐', '2011-08-29 12:39:50', 1),
(172, 16.00, '8月30号午餐', '2011-08-30 12:13:11', 2),
(173, 10.50, '8月31号午餐', '2011-08-31 12:25:01', 1),
(174, 16.00, '9月1日食堂吃饭', '2011-09-01 13:38:12', 2),
(175, 10.50, '9月1日食堂吃饭', '2011-09-01 13:38:58', 1),
(176, 10.50, '9月2日食堂吃饭', '2011-09-02 12:48:29', 1),
(177, 16.00, '9月2日食堂吃饭', '2011-09-02 12:48:48', 2),
(178, 16.00, '9月3日食堂吃饭', '2011-09-03 11:58:44', 2),
(179, 24.00, '9月5日食堂吃饭', '2011-09-05 12:29:36', 3),
(180, 16.00, '9月7日食堂吃饭', '2011-09-08 12:32:18', 2),
(181, 16.00, '9月9日食堂吃饭', '2011-09-09 17:43:58', 2),
(182, 24.00, '9月13日食堂吃饭', '2011-09-13 12:44:16', 1),
(183, 24.00, '9月14日食堂吃饭', '2011-09-14 12:24:53', 3),
(184, 8.00, '9月14日食堂吃饭，史辉带新同事', '2011-09-14 12:25:23', 1),
(185, 16.00, '9月15日食堂吃饭', '2011-09-15 12:35:17', 2),
(186, 24.00, '9月16日食堂吃饭', '2011-09-19 11:43:51', 3),
(187, 16.00, '9月21日食堂吃饭', '2011-09-21 11:28:37', 2),
(188, 16.00, '9月21日食堂吃饭', '2011-09-21 12:41:01', 2),
(189, 24.00, '9月22日食堂吃饭', '2011-09-22 12:29:04', 3),
(190, 24.00, '9月23日食堂吃饭', '2011-09-23 12:24:41', 3),
(191, 16.00, '9月24日食堂吃饭', '2011-09-26 12:28:43', 2),
(192, 8.00, '9月26日食堂吃饭', '2011-09-26 12:28:55', 1),
(193, 8.00, '9月26日食堂，晚饭', '2011-09-28 09:16:05', 1),
(194, 16.00, '9月27日食堂吃饭', '2011-09-28 09:16:22', 2),
(195, 16.00, '9月28日食堂吃饭', '2011-09-28 12:21:58', 2),
(196, 16.00, '9月28日食堂吃饭，带颜俊', '2011-09-28 12:22:19', 1),
(197, 16.00, '9月29日食堂吃饭', '2011-09-29 12:39:39', 2),
(198, 8.00, '10月8日，午餐', '2011-10-09 12:36:29', 1),
(199, 16.00, '10月9日，午餐', '2011-10-09 12:37:05', 2),
(200, 8.00, '9月30日食堂吃饭', '2011-10-09 12:37:29', 1),
(201, 8.00, '9月30日食堂吃饭', '2011-10-09 14:13:37', 1),
(202, 16.00, '10月10日，午餐', '2011-10-10 17:33:51', 2),
(203, 8.00, '10月10日，晚餐', '2011-10-11 11:29:17', 1),
(204, 16.00, '10月11日，午餐', '2011-10-11 12:25:04', 2),
(205, 24.00, '10月12日，午餐', '2011-10-12 12:23:57', 3),
(206, 8.00, '10月13日，午餐', '2011-10-13 12:35:50', 1),
(207, 8.00, '10月14日，午餐', '2011-10-14 12:25:56', 1),
(208, 8.00, '10月17日，午餐', '2011-10-17 12:46:59', 1),
(209, 8.00, '10月18日，午餐', '2011-10-18 12:20:13', 1),
(210, 16.00, '10月20日，午餐', '2011-10-20 12:26:20', 2),
(211, 16.00, '10月21日，午餐', '2011-10-24 10:11:38', 2),
(212, 8.00, '10月24日，午餐', '2011-10-25 08:53:16', 1),
(213, 8.00, '10月27日，午餐', '2011-10-27 12:46:07', 1),
(214, 24.00, '10月28日，午餐', '2011-10-28 13:41:24', 3),
(215, 8.00, '10月31日食堂吃饭', '2011-10-31 12:30:28', 1),
(216, 8.00, '11月1日午餐', '2011-11-03 08:58:56', 1),
(217, 16.00, '11月2日午餐', '2011-11-03 08:59:20', 2),
(218, 8.00, '11月3日午餐', '2011-11-03 12:38:14', 1),
(219, 8.00, '11月7日午餐', '2011-11-07 16:07:04', 1),
(220, 8.00, '11月8日午餐', '2011-11-08 12:31:05', 1),
(221, 16.00, '11月9日午餐', '2011-11-09 17:25:39', 2),
(222, 16.00, '11月11日午餐', '2011-11-11 12:57:09', 1),
(223, 16.00, '11月12日午餐', '2011-11-12 12:40:57', 1),
(224, 16.00, '11月14日午餐', '2011-11-14 14:53:12', 1),
(225, 16.00, '11月15日午餐', '2011-11-15 12:41:37', 2),
(226, 8.00, '11月17日午餐', '2011-11-18 11:53:05', 1),
(227, 24.00, '11月21日午餐', '2011-11-21 12:27:37', 3),
(228, 16.00, '11月22、23日午餐', '2011-11-24 09:48:29', 1),
(229, 20.50, '11月22、23日午餐', '2011-11-24 09:48:49', 1),
(230, 10.50, '11月24日午餐', '2011-11-24 12:28:29', 1),
(231, 8.00, '11月24日午餐', '2011-11-24 12:59:09', 1),
(232, 16.00, '11月25日午餐', '2011-11-25 17:55:09', 2),
(233, 16.00, '11月28日午餐', '2011-11-28 12:30:57', 2),
(234, 12.50, '11月29日午餐', '2011-11-29 12:25:03', 1),
(235, 8.00, '11月30日午餐', '2011-11-30 12:10:46', 0),
(236, 8.00, '11月30日午餐', '2011-11-30 12:17:43', 1),
(237, 8.00, '12月1日午餐', '2011-12-01 12:29:10', 1),
(238, 32.00, '12月2日午餐', '2011-12-02 12:30:28', 4),
(239, 12.50, '12月2日午餐', '2011-12-02 12:30:37', 1),
(240, 8.00, '12月2日晚餐', '2011-12-03 10:49:01', 1),
(241, 16.00, '12月6日午餐', '2011-12-06 21:24:07', 1),
(242, 8.00, '12月6日晚餐', '2011-12-06 21:24:22', 1),
(243, 11.30, '12月7日午餐', '2011-12-07 12:25:57', 1),
(244, 8.00, '12月7日午餐', '2011-12-07 12:26:06', 1),
(245, 24.00, '12月8日午餐', '2011-12-08 12:34:57', 3),
(246, 12.50, '12月8日午餐', '2011-12-08 12:35:05', 1),
(247, 10.50, '12月9日午餐', '2011-12-09 12:25:23', 1),
(248, 8.00, '12月9日午餐', '2011-12-09 12:25:30', 1),
(249, 8.00, '12月12日午餐', '2011-12-12 17:19:06', 1),
(250, 24.00, '12月13日午餐', '2011-12-14 14:25:44', 3),
(251, 12.50, '12月13日午餐', '2011-12-14 14:26:02', 1),
(252, 32.00, '12月15日午餐', '2011-12-15 12:31:00', 4),
(253, 12.50, '12月15日午餐', '2011-12-15 12:31:12', 1),
(254, 8.00, '12月16日午餐', '2011-12-19 09:37:29', 1),
(255, 16.00, '12月19日午餐', '2011-12-19 12:29:53', 2),
(256, 11.30, '12月20日午餐', '2011-12-20 12:42:46', 1),
(257, 8.00, '12月20日午餐', '2011-12-20 12:42:54', 1),
(258, 16.00, '12月21日午餐', '2011-12-21 12:33:55', 2),
(259, 11.30, '12月21日午餐', '2011-12-21 12:34:05', 1),
(260, 16.00, '12月21日午餐', '2011-12-21 12:34:16', 1),
(261, 24.00, '12月22日午餐', '2011-12-23 09:57:10', 3),
(262, 16.00, '12月22日晚餐，带吴淑霞', '2011-12-23 09:57:43', 1),
(263, 11.30, '12月26日午餐', '2011-12-26 12:39:01', 1),
(264, 8.00, '12月26日午餐', '2011-12-26 12:39:13', 1),
(265, 16.00, '12月27日午餐', '2011-12-27 12:26:22', 2),
(266, 11.30, '12月27日午餐', '2011-12-27 12:26:31', 1),
(267, 16.00, '12月28日午餐', '2011-12-28 12:31:08', 2),
(268, 12.50, '12月28日午餐', '2011-12-28 12:31:17', 1),
(269, 16.00, '12月29日午餐', '2011-12-29 12:24:05', 2),
(270, 11.30, '12月29日午餐', '2011-12-29 12:24:15', 1),
(271, 16.00, '12月29日午餐，两个人', '2011-12-29 12:24:45', 1),
(272, 8.00, '12月28日晚餐', '2011-12-29 12:25:10', 0),
(273, 8.00, '12月28日晚餐', '2011-12-29 12:25:36', 1),
(274, 16.00, '12月30日午餐', '2011-12-30 12:34:09', 2),
(275, 16.00, '12月30日午餐', '2011-12-30 12:34:23', 1),
(276, 12.50, '12月31日午餐', '2011-12-31 14:16:56', 1),
(277, 16.00, '12月31日午餐，两个人', '2011-12-31 14:17:30', 1),
(278, 24.00, '1月4日午餐', '2012-01-04 12:49:58', 3),
(279, 16.00, '1月4日午餐，两个人', '2012-01-04 12:50:12', 1),
(280, 24.00, '1月5日午餐', '2012-01-05 12:26:27', 3),
(281, 12.50, '1月5日午餐', '2012-01-05 12:26:36', 1),
(282, 24.00, '1月6日午餐', '2012-01-06 16:04:17', 3),
(283, 16.00, '1月6日午餐', '2012-01-06 16:04:28', 1),
(284, 16.00, '1月9日午餐', '2012-01-09 12:38:03', 2),
(285, 11.30, '1月9日午餐', '2012-01-09 12:38:13', 1),
(286, 16.00, '1月10日午餐', '2012-01-10 12:35:38', 2),
(287, 11.30, '1月10日午餐', '2012-01-10 12:35:48', 1),
(288, 16.00, '1月11日午餐', '2012-01-11 14:30:54', 2),
(289, 16.00, '1月11日午餐，两个人', '2012-01-11 14:31:12', 1),
(290, 8.00, '1月12日午餐', '2012-01-13 12:40:10', 1),
(291, 11.30, '1月12日午餐', '2012-01-13 12:40:21', 1),
(292, 16.00, '1月13日午餐', '2012-01-13 12:40:41', 2),
(293, 11.30, '1月13日午餐', '2012-01-13 12:40:53', 1),
(294, 24.00, '1月16日午餐', '2012-01-16 13:12:03', 3),
(295, 8.00, '1月13日午餐，带颜俊', '2012-01-16 13:13:43', 1),
(296, 16.00, '1月17日午餐', '2012-01-17 12:26:16', 2),
(297, 8.00, '1月17日午餐，颜俊', '2012-01-17 13:44:31', 1),
(298, 16.00, '1月18日午餐', '2012-01-18 12:24:59', 2),
(299, 11.30, '1月18日午餐', '2012-01-18 12:25:15', 1),
(300, 16.00, '1月18日午餐，颜俊和吴淑霞', '2012-01-18 12:42:20', 1),
(301, 11.30, '1月19日午餐', '2012-01-31 10:21:32', 1),
(302, 8.00, '1月19日午餐', '2012-01-31 10:21:49', 1),
(303, 11.30, '1月20日午餐', '2012-01-31 10:22:22', 1),
(304, 16.00, '1月20日午餐', '2012-01-31 10:22:32', 1),
(305, 11.30, '1月30日午餐', '2012-01-31 10:22:56', 1),
(306, 16.00, '1月30日午餐', '2012-01-31 10:23:30', 2),
(307, 24.00, '颜俊吃饭，3次', '2012-01-31 12:45:45', 1),
(308, 8.00, '吴淑霞吃饭，1次', '2012-01-31 12:46:16', 1),
(309, 24.00, '2月1日午餐', '2012-02-01 12:30:22', 3),
(310, 40.00, '2月2日午餐', '2012-02-02 12:44:15', 5),
(311, 48.00, '2月3日午餐', '2012-02-03 12:30:33', 6),
(312, 8.00, '2月2日晚餐', '2012-02-03 12:30:55', 1),
(313, 8.00, '2月4日午餐', '2012-02-06 12:02:52', 1),
(314, 24.00, '2月6日午餐', '2012-02-06 12:38:56', 3),
(315, 11.30, '2月7日午餐', '2012-02-07 12:25:55', 1),
(316, 32.00, '2月7日午餐', '2012-02-07 12:26:18', 4),
(317, 32.00, '2月8日午餐', '2012-02-08 12:26:58', 4),
(318, 11.30, '2月8日午餐', '2012-02-08 12:27:05', 1),
(319, 24.00, '2月9日午餐', '2012-02-09 13:39:36', 3),
(320, 11.30, '2月9日午餐', '2012-02-09 13:39:45', 1),
(321, 11.30, '2月10日午餐', '2012-02-10 12:55:22', 1),
(322, 24.00, '2月10日午餐', '2012-02-10 12:55:49', 3),
(323, 32.00, '2月13日午餐', '2012-02-13 13:03:18', 4),
(324, 16.00, '2月14日午餐', '2012-02-14 13:41:10', 2),
(325, 24.00, '2月15日午餐', '2012-02-15 12:28:35', 3),
(326, 12.50, '2月15日午餐', '2012-02-15 12:28:49', 1),
(327, 12.50, '2月16日午餐', '2012-02-16 12:21:22', 1),
(328, 16.00, '2月16日午餐', '2012-02-16 12:21:35', 2),
(329, 32.00, '2月17日午餐', '2012-02-17 12:34:59', 4),
(330, 11.30, '2月17日午餐', '2012-02-17 12:35:11', 1),
(331, 24.00, '2月20日午餐', '2012-02-20 12:34:07', 3),
(332, 11.30, '2月20日午餐', '2012-02-20 12:34:19', 1),
(333, 40.00, '2月21日午餐', '2012-02-21 13:02:45', 5),
(334, 8.00, '2月21日午餐，杨颖', '2012-02-21 13:03:19', 1),
(335, 8.00, '2月22日午餐', '2012-02-22 12:50:26', 1),
(336, 8.00, '2月23日午餐', '2012-02-23 12:41:03', 1),
(337, 8.00, '2月24日午餐', '2012-02-25 12:03:39', 1),
(338, 8.00, '2月25日午餐', '2012-02-27 12:51:29', 1),
(339, 8.00, '2月27日午餐', '2012-02-27 12:51:42', 1),
(340, 11.30, '2月27日午餐', '2012-02-27 12:51:50', 1),
(341, 24.00, '2月28日午餐', '2012-02-28 12:27:13', 1),
(342, 16.00, '2月28日午餐', '2012-02-28 12:27:41', 2),
(343, 8.00, '2月27日晚餐', '2012-02-28 12:28:04', 1),
(344, 24.00, '2月29日午餐', '2012-02-29 12:34:57', 3),
(345, 24.00, '2月29日午餐', '2012-02-29 12:35:13', 1),
(346, 32.00, '3月1日午餐', '2012-03-01 12:28:54', 4),
(347, 32.00, '3月2日午餐', '2012-03-02 13:36:42', 4),
(348, 11.30, '3月2日午餐', '2012-03-02 13:36:51', 1),
(349, 8.00, '3月5日午餐', '2012-03-05 12:24:10', 1),
(350, 8.00, '3月5日晚餐', '2012-03-07 12:44:23', 1),
(351, 16.00, '3月7日午餐', '2012-03-07 12:44:53', 2),
(352, 24.00, '3月6日午餐', '2012-03-07 12:47:37', 3),
(353, 8.00, '3月5日晚餐', '2012-03-07 12:50:16', 1),
(354, 32.00, '3月8日午餐', '2012-03-08 12:30:14', 4),
(355, 8.00, '3月9日午餐', '2012-03-12 10:05:00', 1),
(356, 16.00, '3月12日午餐', '2012-03-12 12:02:22', 1),
(357, 16.00, '3月12日午餐', '2012-03-12 12:55:30', 2),
(358, 16.00, '3月13日午餐', '2012-03-13 12:33:01', 1),
(359, 8.00, '3月13日午餐', '2012-03-13 12:33:14', 1),
(360, 16.00, '3月14日午餐', '2012-03-14 13:38:16', 2),
(361, 16.00, '3月15日午餐', '2012-03-15 12:21:26', 2),
(362, 4.00, '3月16日午餐，面包', '2012-03-16 12:35:15', 1),
(363, 16.00, '3月16日午餐', '2012-03-16 12:35:25', 1),
(364, 8.00, '3月16日午餐', '2012-03-19 11:20:23', 1),
(365, 8.00, '3月19日午餐', '2012-03-19 15:16:27', 1),
(366, 16.00, '3月20日午餐', '2012-03-20 12:30:43', 2),
(367, 10.00, '3月20日午餐,10元（史辉）', '2012-03-20 12:34:17', 1),
(368, 29.25, '扣除', '2012-03-20 12:41:48', 1);

-- --------------------------------------------------------

--
-- 表的结构 `outcome_detail`
--

CREATE TABLE IF NOT EXISTS `outcome_detail` (
  `id` int(10) unsigned NOT NULL AUTO_INCREMENT,
  `out_id` int(8) NOT NULL,
  `amount` double(10,2) NOT NULL,
  `detail` varchar(255) DEFAULT NULL,
  `member_id` int(4) DEFAULT NULL,
  PRIMARY KEY (`id`)
) ENGINE=MyISAM DEFAULT CHARSET=utf8 AUTO_INCREMENT=1 ;

--
-- 转存表中的数据 `outcome_detail`
--


-- --------------------------------------------------------

--
-- 表的结构 `out_member`
--

CREATE TABLE IF NOT EXISTS `out_member` (
  `out_id` int(8) NOT NULL,
  `member_id` int(4) NOT NULL,
  UNIQUE KEY `out_member_unique` (`out_id`,`member_id`)
) ENGINE=MyISAM DEFAULT CHARSET=utf8;

--
-- 转存表中的数据 `out_member`
--

INSERT INTO `out_member` (`out_id`, `member_id`) VALUES
(10, 1),
(10, 2),
(10, 3),
(10, 4),
(11, 6),
(12, 1),
(12, 2),
(12, 3),
(12, 4),
(13, 1),
(13, 4),
(13, 6),
(14, 1),
(14, 3),
(14, 4),
(15, 6),
(16, 1),
(16, 4),
(17, 1),
(17, 4),
(18, 1),
(18, 3),
(19, 1),
(19, 3),
(19, 4),
(20, 1),
(20, 4),
(21, 1),
(21, 3),
(21, 4),
(22, 1),
(22, 3),
(22, 4),
(23, 1),
(23, 2),
(23, 3),
(23, 4),
(23, 6),
(24, 1),
(24, 2),
(24, 4),
(24, 6),
(25, 2),
(26, 1),
(26, 2),
(26, 4),
(27, 4),
(28, 1),
(28, 2),
(28, 4),
(29, 1),
(29, 2),
(29, 3),
(29, 4),
(30, 1),
(30, 2),
(30, 3),
(30, 4),
(31, 1),
(31, 2),
(31, 3),
(32, 1),
(32, 2),
(32, 4),
(33, 6),
(34, 1),
(34, 2),
(34, 3),
(34, 4),
(35, 6),
(36, 1),
(36, 3),
(37, 1),
(37, 2),
(37, 3),
(37, 4),
(38, 2),
(38, 3),
(38, 4),
(38, 6),
(39, 1),
(39, 2),
(39, 4),
(40, 1),
(40, 2),
(40, 3),
(40, 4),
(40, 6),
(41, 4),
(42, 1),
(42, 2),
(42, 3),
(42, 4),
(43, 1),
(43, 2),
(43, 3),
(43, 4),
(44, 1),
(44, 2),
(44, 3),
(44, 4),
(45, 1),
(45, 2),
(45, 3),
(46, 1),
(46, 2),
(46, 3),
(46, 4),
(47, 1),
(47, 2),
(47, 3),
(47, 4),
(48, 1),
(48, 4),
(49, 1),
(49, 2),
(49, 4),
(50, 1),
(50, 2),
(50, 3),
(50, 4),
(51, 1),
(51, 2),
(51, 4),
(52, 1),
(52, 2),
(52, 4),
(53, 1),
(53, 2),
(53, 4),
(54, 1),
(54, 2),
(54, 4),
(55, 1),
(55, 2),
(55, 3),
(56, 1),
(56, 2),
(56, 4),
(57, 2),
(57, 4),
(58, 1),
(58, 2),
(59, 1),
(59, 2),
(59, 3),
(59, 4),
(59, 6),
(60, 2),
(60, 6),
(61, 1),
(61, 2),
(61, 6),
(62, 1),
(62, 2),
(62, 3),
(62, 6),
(63, 1),
(64, 1),
(64, 3),
(64, 6),
(65, 1),
(65, 2),
(65, 6),
(66, 1),
(66, 3),
(67, 6),
(68, 1),
(68, 2),
(68, 3),
(68, 6),
(69, 2),
(70, 1),
(70, 2),
(70, 3),
(71, 1),
(71, 3),
(72, 1),
(72, 2),
(72, 3),
(72, 6),
(73, 1),
(73, 2),
(73, 3),
(74, 1),
(74, 2),
(74, 3),
(74, 6),
(75, 1),
(75, 2),
(76, 1),
(76, 2),
(76, 3),
(77, 1),
(77, 2),
(77, 3),
(78, 1),
(78, 2),
(78, 3),
(79, 6),
(80, 1),
(81, 1),
(81, 2),
(81, 6),
(82, 1),
(82, 2),
(82, 3),
(83, 1),
(83, 2),
(83, 3),
(84, 1),
(84, 2),
(84, 3),
(85, 1),
(85, 2),
(85, 3),
(86, 1),
(86, 2),
(86, 3),
(86, 6),
(87, 1),
(87, 2),
(87, 3),
(87, 6),
(88, 1),
(88, 2),
(88, 3),
(88, 6),
(89, 1),
(89, 2),
(89, 6),
(90, 1),
(90, 2),
(90, 3),
(90, 6),
(91, 1),
(91, 2),
(91, 3),
(92, 1),
(92, 2),
(92, 3),
(92, 6),
(93, 6),
(94, 3),
(95, 1),
(95, 2),
(95, 3),
(95, 6),
(96, 1),
(96, 3),
(97, 1),
(97, 3),
(97, 6),
(98, 1),
(98, 3),
(99, 1),
(99, 3),
(99, 6),
(100, 1),
(100, 3),
(101, 1),
(101, 3),
(101, 6),
(102, 1),
(102, 3),
(102, 6),
(103, 1),
(103, 3),
(104, 1),
(104, 2),
(104, 3),
(105, 1),
(105, 2),
(105, 3),
(106, 2),
(107, 1),
(107, 2),
(107, 3),
(108, 1),
(108, 2),
(108, 3),
(108, 6),
(109, 1),
(109, 2),
(109, 3),
(109, 6),
(110, 2),
(110, 3),
(110, 6),
(111, 2),
(112, 1),
(113, 1),
(113, 2),
(114, 2),
(115, 1),
(115, 3),
(115, 6),
(116, 1),
(117, 1),
(118, 3),
(119, 6),
(120, 1),
(121, 1),
(121, 2),
(121, 3),
(122, 1),
(122, 6),
(123, 1),
(123, 2),
(124, 1),
(125, 2),
(125, 3),
(125, 6),
(126, 2),
(127, 1),
(127, 6),
(128, 1),
(129, 1),
(129, 3),
(129, 6),
(130, 1),
(131, 3),
(131, 6),
(132, 1),
(132, 4),
(133, 4),
(134, 1),
(134, 4),
(134, 6),
(135, 1),
(136, 1),
(136, 3),
(137, 1),
(138, 1),
(138, 3),
(138, 6),
(139, 4),
(140, 4),
(141, 7),
(142, 6),
(143, 7),
(144, 4),
(145, 4),
(146, 4),
(147, 7),
(148, 6),
(149, 3),
(150, 6),
(151, 7),
(152, 6),
(152, 7),
(153, 3),
(153, 6),
(154, 3),
(154, 6),
(154, 7),
(155, 3),
(155, 6),
(155, 7),
(156, 7),
(157, 6),
(158, 6),
(158, 7),
(159, 2),
(159, 3),
(159, 6),
(159, 7),
(160, 7),
(161, 6),
(162, 6),
(163, 6),
(163, 7),
(164, 6),
(165, 7),
(166, 6),
(167, 2),
(167, 7),
(168, 7),
(169, 6),
(169, 7),
(170, 3),
(171, 6),
(172, 2),
(172, 6),
(173, 6),
(174, 2),
(174, 3),
(175, 6),
(176, 6),
(177, 4),
(177, 7),
(178, 3),
(178, 6),
(179, 2),
(179, 4),
(179, 6),
(180, 4),
(180, 6),
(181, 3),
(181, 4),
(182, 3),
(183, 2),
(183, 3),
(183, 6),
(184, 2),
(185, 2),
(185, 3),
(186, 2),
(186, 3),
(186, 6),
(187, 2),
(187, 6),
(188, 2),
(188, 6),
(189, 2),
(189, 3),
(189, 6),
(190, 2),
(190, 3),
(190, 6),
(191, 3),
(191, 6),
(192, 2),
(193, 6),
(194, 2),
(194, 6),
(195, 3),
(195, 6),
(196, 2),
(197, 2),
(197, 3),
(198, 6),
(199, 2),
(199, 6),
(200, 3),
(201, 6),
(202, 2),
(202, 3),
(203, 6),
(204, 2),
(204, 6),
(205, 2),
(205, 4),
(205, 6),
(206, 4),
(207, 3),
(208, 6),
(209, 3),
(210, 2),
(210, 6),
(211, 2),
(211, 6),
(212, 2),
(213, 4),
(214, 3),
(214, 4),
(214, 6),
(215, 3),
(216, 2),
(217, 2),
(217, 6),
(218, 3),
(219, 2),
(220, 2),
(221, 2),
(221, 6),
(222, 6),
(223, 6),
(224, 2),
(225, 2),
(225, 3),
(226, 2),
(227, 2),
(227, 4),
(227, 7),
(228, 4),
(229, 7),
(230, 6),
(231, 3),
(232, 2),
(232, 3),
(233, 2),
(233, 3),
(234, 7),
(236, 3),
(237, 6),
(238, 2),
(238, 3),
(238, 4),
(238, 6),
(239, 7),
(240, 6),
(241, 3),
(242, 6),
(243, 7),
(244, 2),
(245, 2),
(245, 3),
(245, 6),
(246, 7),
(247, 7),
(248, 2),
(249, 2),
(250, 2),
(250, 3),
(250, 4),
(251, 7),
(252, 2),
(252, 3),
(252, 4),
(252, 6),
(253, 7),
(254, 3),
(255, 2),
(255, 3),
(256, 7),
(257, 7),
(258, 2),
(258, 3),
(259, 7),
(260, 4),
(261, 2),
(261, 3),
(261, 7),
(262, 3),
(263, 7),
(264, 2),
(265, 2),
(265, 3),
(266, 7),
(267, 2),
(267, 3),
(268, 7),
(269, 2),
(269, 3),
(270, 7),
(271, 4),
(273, 3),
(274, 2),
(274, 7),
(275, 4),
(276, 7),
(277, 3),
(278, 2),
(278, 4),
(278, 7),
(279, 3),
(280, 2),
(280, 3),
(280, 4),
(281, 7),
(282, 2),
(282, 4),
(282, 7),
(283, 3),
(284, 2),
(284, 3),
(285, 7),
(286, 2),
(286, 3),
(287, 7),
(288, 2),
(288, 7),
(289, 3),
(290, 2),
(291, 7),
(292, 2),
(292, 3),
(293, 7),
(294, 2),
(294, 3),
(294, 7),
(295, 3),
(296, 2),
(296, 3),
(297, 3),
(298, 2),
(298, 3),
(299, 7),
(300, 3),
(301, 7),
(302, 2),
(303, 7),
(304, 2),
(305, 7),
(306, 2),
(306, 4),
(307, 3),
(308, 3),
(309, 2),
(309, 3),
(309, 4),
(310, 2),
(310, 4),
(310, 6),
(310, 7),
(310, 8),
(311, 2),
(311, 3),
(311, 4),
(311, 6),
(311, 7),
(311, 8),
(312, 6),
(313, 7),
(314, 2),
(314, 4),
(314, 8),
(315, 7),
(316, 2),
(316, 3),
(316, 4),
(316, 8),
(317, 2),
(317, 3),
(317, 4),
(317, 8),
(318, 7),
(319, 2),
(319, 4),
(319, 8),
(320, 7),
(321, 7),
(322, 3),
(322, 4),
(322, 8),
(323, 3),
(323, 4),
(323, 7),
(323, 8),
(324, 4),
(324, 8),
(325, 3),
(325, 4),
(325, 8),
(326, 7),
(327, 7),
(328, 4),
(328, 8),
(329, 2),
(329, 4),
(329, 6),
(329, 8),
(330, 7),
(331, 2),
(331, 3),
(331, 6),
(332, 7),
(333, 2),
(333, 3),
(333, 6),
(333, 7),
(333, 8),
(334, 3),
(335, 8),
(336, 3),
(337, 8),
(338, 8),
(339, 3),
(340, 7),
(341, 8),
(342, 2),
(342, 4),
(343, 6),
(344, 2),
(344, 3),
(344, 4),
(345, 8),
(346, 2),
(346, 3),
(346, 4),
(346, 8),
(347, 2),
(347, 3),
(347, 4),
(347, 8),
(348, 7),
(349, 2),
(350, 8),
(351, 3),
(351, 8),
(352, 2),
(352, 4),
(352, 8),
(353, 3),
(354, 2),
(354, 3),
(354, 4),
(354, 8),
(355, 8),
(356, 3),
(357, 2),
(357, 8),
(358, 2),
(359, 3),
(360, 2),
(360, 3),
(361, 2),
(361, 8),
(362, 3),
(363, 2),
(364, 8),
(365, 3),
(366, 2),
(366, 3),
(367, 3),
(368, 1);
